date,level,base,budget,contract
2016-01-01,Бакалавр,Бакалавр,45,202
2016-04-01,Бакалавр,Бакалавр,41,236
2016-07-01,Бакалавр,Бакалавр,8,72
2016-10-01,Бакалавр,Бакалавр,15,121
2017-01-01,Бакалавр,Бакалавр,15,142
2017-04-01,Бакалавр,Бакалавр,18,184
2017-07-01,Бакалавр,Бакалавр,10,60
2017-10-01,Бакалавр,Бакалавр,10,717
2018-01-01,Бакалавр,Бакалавр,10,697
2018-04-01,Бакалавр,Бакалавр,12,686
2018-07-01,Бакалавр,Бакалавр,7,599
2018-10-01,Бакалавр,Бакалавр,11,1200
2019-01-01,Бакалавр,Бакалавр,12,1176
2019-04-01,Бакалавр,Бакалавр,17,1179
2019-07-01,Бакалавр,Бакалавр,12,909
2019-10-01,Бакалавр,Бакалавр,22,1674
2020-01-01,Бакалавр,Бакалавр,28,1640
2020-04-01,Бакалавр,Бакалавр,33,1651
2020-07-01,Бакалавр,Бакалавр,23,1195
2020-10-01,Бакалавр,Бакалавр,28,2039
2021-01-01,Бакалавр,Бакалавр,31,2045
2021-04-01,Бакалавр,Бакалавр,34,2040
2021-07-01,Бакалавр,Бакалавр,19,1502
2021-10-01,Бакалавр,Бакалавр,26,2493
2022-01-01,Бакалавр,Бакалавр,29,2435
2022-04-01,Бакалавр,Бакалавр,37,2420
2022-07-01,Бакалавр,Бакалавр,27,2048
2022-10-01,Бакалавр,Бакалавр,37,5873
2023-01-01,Бакалавр,Бакалавр,59,6970
2023-04-01,Бакалавр,Бакалавр,56,7163
2023-07-01,Бакалавр,Бакалавр,37,6981
2023-10-01,Бакалавр,Бакалавр,41,29143
2021-07-01,Бакалавр,Молодший бакалавр,0,1
2021-10-01,Бакалавр,Молодший бакалавр,1,3
2022-01-01,Бакалавр,Молодший бакалавр,5,17
2022-04-01,Бакалавр,Молодший бакалавр,5,47
2022-07-01,Бакалавр,Молодший бакалавр,5,46
2022-10-01,Бакалавр,Молодший бакалавр,4,59
2023-01-01,Бакалавр,Молодший бакалавр,9,66
2023-04-01,Бакалавр,Молодший бакалавр,9,78
2023-07-01,Бакалавр,Молодший бакалавр,7,66
2023-10-01,Бакалавр,Молодший бакалавр,7,103
2016-01-01,Бакалавр,Молодший спеціаліст,36355,37858
2016-04-01,Бакалавр,Молодший спеціаліст,35791,36207
2016-07-01,Бакалавр,Молодший спеціаліст,22044,21545
2016-10-01,Бакалавр,Молодший спеціаліст,40831,36426
2017-01-01,Бакалавр,Молодший спеціаліст,40504,35528
2017-04-01,Бакалавр,Молодший спеціаліст,39412,34289
2017-07-01,Бакалавр,Молодший спеціаліст,25274,20087
2017-10-01,Бакалавр,Молодший спеціаліст,42994,35081
2018-01-01,Бакалавр,Молодший спеціаліст,42535,34344
2018-04-01,Бакалавр,Молодший спеціаліст,41541,33392
2018-07-01,Бакалавр,Молодший спеціаліст,24407,19273
2018-10-01,Бакалавр,Молодший спеціаліст,41909,34527
2019-01-01,Бакалавр,Молодший спеціаліст,41652,34072
2019-04-01,Бакалавр,Молодший спеціаліст,40757,32972
2019-07-01,Бакалавр,Молодший спеціаліст,23788,19647
2019-10-01,Бакалавр,Молодший спеціаліст,40789,36974
2020-01-01,Бакалавр,Молодший спеціаліст,40519,36138
2020-04-01,Бакалавр,Молодший спеціаліст,39662,35321
2020-07-01,Бакалавр,Молодший спеціаліст,22895,21654
2020-10-01,Бакалавр,Молодший спеціаліст,39073,33298
2021-01-01,Бакалавр,Молодший спеціаліст,39130,32658
2021-04-01,Бакалавр,Молодший спеціаліст,38447,32081
2021-07-01,Бакалавр,Молодший спеціаліст,24038,18170
2021-10-01,Бакалавр,Молодший спеціаліст,37460,28636
2022-01-01,Бакалавр,Молодший спеціаліст,36446,28029
2022-04-01,Бакалавр,Молодший спеціаліст,36890,27580
2022-07-01,Бакалавр,Молодший спеціаліст,28115,20590
2022-10-01,Бакалавр,Молодший спеціаліст,32666,29082
2023-01-01,Бакалавр,Молодший спеціаліст,33334,28597
2023-04-01,Бакалавр,Молодший спеціаліст,33113,28292
2023-07-01,Бакалавр,Молодший спеціаліст,19007,18530
2023-10-01,Бакалавр,Молодший спеціаліст,27963,38718
2016-01-01,Бакалавр,Повна загальна середня освіта,287441,189173
2016-04-01,Бакалавр,Повна загальна середня освіта,288517,185424
2016-07-01,Бакалавр,Повна загальна середня освіта,212607,140602
2016-10-01,Бакалавр,Повна загальна середня освіта,263259,192326
2017-01-01,Бакалавр,Повна загальна середня освіта,262612,189916
2017-04-01,Бакалавр,Повна загальна середня освіта,259947,186473
2017-07-01,Бакалавр,Повна загальна середня освіта,187880,139716
2017-10-01,Бакалавр,Повна загальна середня освіта,237125,199356
2018-01-01,Бакалавр,Повна загальна середня освіта,236408,196992
2018-04-01,Бакалавр,Повна загальна середня освіта,234122,193013
2018-07-01,Бакалавр,Повна загальна середня освіта,164716,150885
2018-10-01,Бакалавр,Повна загальна середня освіта,212561,211752
2019-01-01,Бакалавр,Повна загальна середня освіта,212458,211113
2019-04-01,Бакалавр,Повна загальна середня освіта,210527,206773
2019-07-01,Бакалавр,Повна загальна середня освіта,149335,167479
2019-10-01,Бакалавр,Повна загальна середня освіта,199036,234375
2020-01-01,Бакалавр,Повна загальна середня освіта,198597,233054
2020-04-01,Бакалавр,Повна загальна середня освіта,197067,228017
2020-07-01,Бакалавр,Повна загальна середня освіта,145924,184250
2020-10-01,Бакалавр,Повна загальна середня освіта,200232,259270
2021-01-01,Бакалавр,Повна загальна середня освіта,200513,257290
2021-04-01,Бакалавр,Повна загальна середня освіта,198865,251914
2021-07-01,Бакалавр,Повна загальна середня освіта,149705,199298
2021-10-01,Бакалавр,Повна загальна середня освіта,208439,270147
2022-01-01,Бакалавр,Повна загальна середня освіта,207661,267274
2022-04-01,Бакалавр,Повна загальна середня освіта,207319,262473
2022-07-01,Бакалавр,Повна загальна середня освіта,180798,232970
2022-10-01,Бакалавр,Повна загальна середня освіта,218174,277481
2023-01-01,Бакалавр,Повна загальна середня освіта,235259,258477
2023-04-01,Бакалавр,Повна загальна середня освіта,233218,252591
2023-07-01,Бакалавр,Повна загальна середня освіта,183827,195151
2023-10-01,Бакалавр,Повна загальна середня освіта,237613,281640
2021-10-01,Бакалавр,Фаховий молодший бакалавр,8,117
2022-01-01,Бакалавр,Фаховий молодший бакалавр,10,115
2022-04-01,Бакалавр,Фаховий молодший бакалавр,10,118
2022-07-01,Бакалавр,Фаховий молодший бакалавр,10,118
2022-10-01,Бакалавр,Фаховий молодший бакалавр,172,632
2023-01-01,Бакалавр,Фаховий молодший бакалавр,183,664
2023-04-01,Бакалавр,Фаховий молодший бакалавр,187,648
2023-07-01,Бакалавр,Фаховий молодший бакалавр,179,624
2023-10-01,Бакалавр,Фаховий молодший бакалавр,698,2449
2016-01-01,Магістр,Бакалавр,45302,40447
2016-04-01,Магістр,Бакалавр,37142,31094
2016-07-01,Магістр,Бакалавр,29411,25594
2016-10-01,Магістр,Бакалавр,75883,50971
2017-01-01,Магістр,Бакалавр,72929,47874
2017-04-01,Магістр,Бакалавр,55459,30228
2017-07-01,Магістр,Бакалавр,46446,25534
2017-10-01,Магістр,Бакалавр,97580,66614
2018-01-01,Магістр,Бакалавр,92356,63560
2018-04-01,Магістр,Бакалавр,63301,44992
2018-07-01,Магістр,Бакалавр,50746,40071
2018-10-01,Магістр,Бакалавр,102912,75299
2019-01-01,Магістр,Бакалавр,70096,53190
2019-04-01,Магістр,Бакалавр,56921,39068
2019-07-01,Магістр,Бакалавр,51462,35482
2019-10-01,Магістр,Бакалавр,96394,63806
2020-01-01,Магістр,Бакалавр,61687,43027
2020-04-01,Магістр,Бакалавр,49295,31993
2020-07-01,Магістр,Бакалавр,44543,28814
2020-10-01,Магістр,Бакалавр,80523,50493
2021-01-01,Магістр,Бакалавр,47801,33740
2021-04-01,Магістр,Бакалавр,40853,27584
2021-07-01,Магістр,Бакалавр,35783,23878
2021-10-01,Магістр,Бакалавр,69900,38257
2022-01-01,Магістр,Бакалавр,52542,29024
2022-04-01,Магістр,Бакалавр,37927,18678
2022-07-01,Магістр,Бакалавр,35049,16978
2022-10-01,Магістр,Бакалавр,72233,70274
2023-01-01,Магістр,Бакалавр,56500,72475
2023-04-01,Магістр,Бакалавр,47028,66605
2023-07-01,Магістр,Бакалавр,42799,63602
2023-10-01,Магістр,Бакалавр,75017,125027
2017-10-01,Магістр,Магістр,2,136
2018-01-01,Магістр,Магістр,2,129
2018-04-01,Магістр,Магістр,0,134
2018-07-01,Магістр,Магістр,0,132
2018-10-01,Магістр,Магістр,4,267
2019-01-01,Магістр,Магістр,4,241
2019-04-01,Магістр,Магістр,21,176
2019-07-01,Магістр,Магістр,21,139
2019-10-01,Магістр,Магістр,50,1716
2020-01-01,Магістр,Магістр,34,1799
2020-04-01,Магістр,Магістр,45,1641
2020-07-01,Магістр,Магістр,45,1575
2020-10-01,Магістр,Магістр,58,2977
2021-01-01,Магістр,Магістр,15,2495
2021-04-01,Магістр,Магістр,17,2074
2021-07-01,Магістр,Магістр,22,1702
2021-10-01,Магістр,Магістр,29,2794
2022-01-01,Магістр,Магістр,18,2371
2022-04-01,Магістр,Магістр,9,1615
2022-07-01,Магістр,Магістр,10,1490
2022-10-01,Магістр,Магістр,12,7103
2023-01-01,Магістр,Магістр,16,8192
2023-04-01,Магістр,Магістр,9,7625
2023-07-01,Магістр,Магістр,8,7974
2023-10-01,Магістр,Магістр,15,13716
2021-10-01,Магістр,Молодший бакалавр,0,2
2022-01-01,Магістр,Молодший бакалавр,0,4
2022-04-01,Магістр,Молодший бакалавр,0,3
2022-07-01,Магістр,Молодший бакалавр,0,3
2022-10-01,Магістр,Молодший бакалавр,0,5
2023-01-01,Магістр,Молодший бакалавр,0,7
2023-04-01,Магістр,Молодший бакалавр,0,7
2023-07-01,Магістр,Молодший бакалавр,0,7
2023-10-01,Магістр,Молодший бакалавр,0,5
2016-01-01,Магістр,Молодший спеціаліст,0,1
2016-04-01,Магістр,Молодший спеціаліст,0,1
2016-07-01,Магістр,Молодший спеціаліст,0,0
2016-10-01,Магістр,Молодший спеціаліст,205,155
2017-01-01,Магістр,Молодший спеціаліст,196,153
2017-04-01,Магістр,Молодший спеціаліст,203,140
2017-07-01,Магістр,Молодший спеціаліст,199,139
2017-10-01,Магістр,Молодший спеціаліст,358,1826
2018-01-01,Магістр,Молодший спеціаліст,354,1810
2018-04-01,Магістр,Молодший спеціаліст,360,1764
2018-07-01,Магістр,Молодший спеціаліст,328,1687
2018-10-01,Магістр,Молодший спеціаліст,342,3536
2019-01-01,Магістр,Молодший спеціаліст,344,3464
2019-04-01,Магістр,Молодший спеціаліст,393,3299
2019-07-01,Магістр,Молодший спеціаліст,388,3187
2019-10-01,Магістр,Молодший спеціаліст,488,4983
2020-01-01,Магістр,Молодший спеціаліст,501,4924
2020-04-01,Магістр,Молодший спеціаліст,571,4793
2020-07-01,Магістр,Молодший спеціаліст,563,4677
2020-10-01,Магістр,Молодший спеціаліст,857,6489
2021-01-01,Магістр,Молодший спеціаліст,871,6351
2021-04-01,Магістр,Молодший спеціаліст,917,6245
2021-07-01,Магістр,Молодший спеціаліст,781,5789
2021-10-01,Магістр,Молодший спеціаліст,1056,7358
2022-01-01,Магістр,Молодший спеціаліст,1072,7293
2022-04-01,Магістр,Молодший спеціаліст,1131,7208
2022-07-01,Магістр,Молодший спеціаліст,1097,6168
2022-10-01,Магістр,Молодший спеціаліст,1131,7505
2023-01-01,Магістр,Молодший спеціаліст,1320,7305
2023-04-01,Магістр,Молодший спеціаліст,1387,7149
2023-07-01,Магістр,Молодший спеціаліст,1262,5941
2023-10-01,Магістр,Молодший спеціаліст,1591,6259
2016-01-01,Магістр,Повна загальна середня освіта,124,1149
2016-04-01,Магістр,Повна загальна середня освіта,86,1141
2016-07-01,Магістр,Повна загальна середня освіта,87,831
2016-10-01,Магістр,Повна загальна середня освіта,4762,8993
2017-01-01,Магістр,Повна загальна середня освіта,4794,11244
2017-04-01,Магістр,Повна загальна середня освіта,4766,11550
2017-07-01,Магістр,Повна загальна середня освіта,4734,11146
2017-10-01,Магістр,Повна загальна середня освіта,10002,20478
2018-01-01,Магістр,Повна загальна середня освіта,9972,24777
2018-04-01,Магістр,Повна загальна середня освіта,9928,25480
2018-07-01,Магістр,Повна загальна середня освіта,9869,24874
2018-10-01,Магістр,Повна загальна середня освіта,14806,32401
2019-01-01,Магістр,Повна загальна середня освіта,14775,38034
2019-04-01,Магістр,Повна загальна середня освіта,14714,38476
2019-07-01,Магістр,Повна загальна середня освіта,14566,37536
2019-10-01,Магістр,Повна загальна середня освіта,18778,43418
2020-01-01,Магістр,Повна загальна середня освіта,18707,48218
2020-04-01,Магістр,Повна загальна середня освіта,18631,48096
2020-07-01,Магістр,Повна загальна середня освіта,18592,47653
2020-10-01,Магістр,Повна загальна середня освіта,22789,51354
2021-01-01,Магістр,Повна загальна середня освіта,22728,53984
2021-04-01,Магістр,Повна загальна середня освіта,22582,52877
2021-07-01,Магістр,Повна загальна середня освіта,22367,52375
2021-10-01,Магістр,Повна загальна середня освіта,26702,55016
2022-01-01,Магістр,Повна загальна середня освіта,26628,61552
2022-04-01,Магістр,Повна загальна середня освіта,26556,62700
2022-07-01,Магістр,Повна загальна середня освіта,22872,55924
2022-10-01,Магістр,Повна загальна середня освіта,27156,54060
2023-01-01,Магістр,Повна загальна середня освіта,27817,46712
2023-04-01,Магістр,Повна загальна середня освіта,27736,41912
2023-07-01,Магістр,Повна загальна середня освіта,22898,33213
2023-10-01,Магістр,Повна загальна середня освіта,26726,29528
2016-01-01,Магістр,Спеціаліст,3,18
2016-04-01,Магістр,Спеціаліст,3,15
2016-07-01,Магістр,Спеціаліст,3,3
2016-10-01,Магістр,Спеціаліст,3,6
2017-01-01,Магістр,Спеціаліст,15,9
2017-04-01,Магістр,Спеціаліст,15,10
2017-07-01,Магістр,Спеціаліст,14,9
2017-10-01,Магістр,Спеціаліст,2,25
2018-01-01,Магістр,Спеціаліст,2,40
2018-04-01,Магістр,Спеціаліст,1,56
2018-07-01,Магістр,Спеціаліст,0,49
2018-10-01,Магістр,Спеціаліст,2,69
2019-01-01,Магістр,Спеціаліст,3,61
2019-04-01,Магістр,Спеціаліст,10,35
2019-07-01,Магістр,Спеціаліст,10,44
2019-10-01,Магістр,Спеціаліст,10,72
2020-01-01,Магістр,Спеціаліст,1,72
2020-04-01,Магістр,Спеціаліст,0,58
2020-07-01,Магістр,Спеціаліст,1,49
2020-10-01,Магістр,Спеціаліст,1,73
2021-01-01,Магістр,Спеціаліст,1,76
2021-04-01,Магістр,Спеціаліст,0,57
2021-07-01,Магістр,Спеціаліст,0,25
2021-10-01,Магістр,Спеціаліст,0,50
2022-01-01,Магістр,Спеціаліст,0,75
2022-04-01,Магістр,Спеціаліст,0,37
2022-07-01,Магістр,Спеціаліст,0,67
2022-10-01,Магістр,Спеціаліст,0,178
2023-01-01,Магістр,Спеціаліст,0,152
2023-04-01,Магістр,Спеціаліст,0,170
2023-07-01,Магістр,Спеціаліст,0,1035
2023-10-01,Магістр,Спеціаліст,0,1562
2022-01-01,Магістр,Фаховий молодший бакалавр,1,0
2022-04-01,Магістр,Фаховий молодший бакалавр,0,1
2022-10-01,Магістр,Фаховий молодший бакалавр,0,46
2023-01-01,Магістр,Фаховий молодший бакалавр,0,49
2023-04-01,Магістр,Фаховий молодший бакалавр,0,49
2023-07-01,Магістр,Фаховий молодший бакалавр,0,47
2023-10-01,Магістр,Фаховий молодший бакалавр,6,45
2022-10-01,Молодший бакалавр,Молодший бакалавр,0,0
2023-01-01,Молодший бакалавр,Молодший бакалавр,0,1
2023-04-01,Молодший бакалавр,Молодший бакалавр,0,1
2023-07-01,Молодший бакалавр,Молодший бакалавр,0,1
2023-10-01,Молодший бакалавр,Молодший бакалавр,0,84
2019-10-01,Молодший бакалавр,Молодший спеціаліст,0,2
2020-01-01,Молодший бакалавр,Молодший спеціаліст,0,2
2020-04-01,Молодший бакалавр,Молодший спеціаліст,0,2
2020-07-01,Молодший бакалавр,Молодший спеціаліст,0,2
2020-10-01,Молодший бакалавр,Молодший спеціаліст,0,20
2021-01-01,Молодший бакалавр,Молодший спеціаліст,0,19
2021-04-01,Молодший бакалавр,Молодший спеціаліст,0,19
2021-07-01,Молодший бакалавр,Молодший спеціаліст,0,16
2021-10-01,Молодший бакалавр,Молодший спеціаліст,2,25
2022-01-01,Молодший бакалавр,Молодший спеціаліст,2,12
2022-04-01,Молодший бакалавр,Молодший спеціаліст,2,12
2022-07-01,Молодший бакалавр,Молодший спеціаліст,1,4
2022-10-01,Молодший бакалавр,Молодший спеціаліст,0,24
2023-01-01,Молодший бакалавр,Молодший спеціаліст,0,21
2023-04-01,Молодший бакалавр,Молодший спеціаліст,0,20
2023-07-01,Молодший бакалавр,Молодший спеціаліст,0,6
2023-10-01,Молодший бакалавр,Молодший спеціаліст,0,9
2016-10-01,Молодший бакалавр,Повна загальна середня освіта,0,11
2017-01-01,Молодший бакалавр,Повна загальна середня освіта,0,12
2017-04-01,Молодший бакалавр,Повна загальна середня освіта,0,12
2017-07-01,Молодший бакалавр,Повна загальна середня освіта,0,12
2017-10-01,Молодший бакалавр,Повна загальна середня освіта,0,12
2018-01-01,Молодший бакалавр,Повна загальна середня освіта,0,12
2018-04-01,Молодший бакалавр,Повна загальна середня освіта,0,12
2019-10-01,Молодший бакалавр,Повна загальна середня освіта,0,398
2020-01-01,Молодший бакалавр,Повна загальна середня освіта,0,394
2020-04-01,Молодший бакалавр,Повна загальна середня освіта,0,377
2020-07-01,Молодший бакалавр,Повна загальна середня освіта,0,388
2020-10-01,Молодший бакалавр,Повна загальна середня освіта,470,1172
2021-01-01,Молодший бакалавр,Повна загальна середня освіта,473,1161
2021-04-01,Молодший бакалавр,Повна загальна середня освіта,465,1125
2021-07-01,Молодший бакалавр,Повна загальна середня освіта,454,768
2021-10-01,Молодший бакалавр,Повна загальна середня освіта,1023,2107
2022-01-01,Молодший бакалавр,Повна загальна середня освіта,1032,2071
2022-04-01,Молодший бакалавр,Повна загальна середня освіта,1022,2025
2022-07-01,Молодший бакалавр,Повна загальна середня освіта,754,1615
2022-10-01,Молодший бакалавр,Повна загальна середня освіта,1026,1559
2023-01-01,Молодший бакалавр,Повна загальна середня освіта,1170,1391
2023-04-01,Молодший бакалавр,Повна загальна середня освіта,1160,1340
2023-07-01,Молодший бакалавр,Повна загальна середня освіта,480,351
2023-10-01,Молодший бакалавр,Повна загальна середня освіта,677,681
2023-10-01,Молодший бакалавр,Фаховий молодший бакалавр,0,5
2016-01-01,Молодший спеціаліст,Базова середня освіта,210552,81467
2016-04-01,Молодший спеціаліст,Базова середня освіта,204620,78814
2016-07-01,Молодший спеціаліст,Базова середня освіта,154340,59228
2016-10-01,Молодший спеціаліст,Базова середня освіта,210376,81053
2017-01-01,Молодший спеціаліст,Базова середня освіта,209967,80143
2017-04-01,Молодший спеціаліст,Базова середня освіта,204711,77644
2017-07-01,Молодший спеціаліст,Базова середня освіта,155952,59130
2017-10-01,Молодший спеціаліст,Базова середня освіта,209822,82557
2018-01-01,Молодший спеціаліст,Базова середня освіта,208107,81384
2018-04-01,Молодший спеціаліст,Базова середня освіта,202730,78773
2018-07-01,Молодший спеціаліст,Базова середня освіта,155569,61923
2018-10-01,Молодший спеціаліст,Базова середня освіта,207289,78741
2019-01-01,Молодший спеціаліст,Базова середня освіта,207181,77526
2019-04-01,Молодший спеціаліст,Базова середня освіта,201364,74678
2019-07-01,Молодший спеціаліст,Базова середня освіта,151245,55994
2019-10-01,Молодший спеціаліст,Базова середня освіта,201226,72868
2020-01-01,Молодший спеціаліст,Базова середня освіта,199715,71595
2020-04-01,Молодший спеціаліст,Базова середня освіта,195245,68907
2020-07-01,Молодший спеціаліст,Базова середня освіта,149011,52365
2020-10-01,Молодший спеціаліст,Базова середня освіта,146149,48950
2021-01-01,Молодший спеціаліст,Базова середня освіта,145662,48312
2021-04-01,Молодший спеціаліст,Базова середня освіта,142077,46505
2021-07-01,Молодший спеціаліст,Базова середня освіта,93907,29432
2021-10-01,Молодший спеціаліст,Базова середня освіта,91167,26667
2022-01-01,Молодший спеціаліст,Базова середня освіта,89579,26058
2022-04-01,Молодший спеціаліст,Базова середня освіта,85513,24037
2022-07-01,Молодший спеціаліст,Базова середня освіта,47990,14127
2022-10-01,Молодший спеціаліст,Базова середня освіта,40521,9974
2023-01-01,Молодший спеціаліст,Базова середня освіта,40078,9438
2023-04-01,Молодший спеціаліст,Базова середня освіта,35815,7828
2023-07-01,Молодший спеціаліст,Базова середня освіта,1634,893
2023-10-01,Молодший спеціаліст,Базова середня освіта,1015,584
2016-01-01,Молодший спеціаліст,Кваліфікований робітник,6622,3932
2016-04-01,Молодший спеціаліст,Кваліфікований робітник,6069,3620
2016-07-01,Молодший спеціаліст,Кваліфікований робітник,3670,2027
2016-10-01,Молодший спеціаліст,Кваліфікований робітник,7484,3688
2017-01-01,Молодший спеціаліст,Кваліфікований робітник,7183,3505
2017-04-01,Молодший спеціаліст,Кваліфікований робітник,6555,3190
2017-07-01,Молодший спеціаліст,Кваліфікований робітник,4007,1666
2017-10-01,Молодший спеціаліст,Кваліфікований робітник,10367,3705
2018-01-01,Молодший спеціаліст,Кваліфікований робітник,10100,3527
2018-04-01,Молодший спеціаліст,Кваліфікований робітник,9412,3212
2018-07-01,Молодший спеціаліст,Кваліфікований робітник,6711,1763
2018-10-01,Молодший спеціаліст,Кваліфікований робітник,13480,3539
2019-01-01,Молодший спеціаліст,Кваліфікований робітник,13034,3407
2019-04-01,Молодший спеціаліст,Кваліфікований робітник,11331,3069
2019-07-01,Молодший спеціаліст,Кваліфікований робітник,6917,1659
2019-10-01,Молодший спеціаліст,Кваліфікований робітник,13525,2945
2020-01-01,Молодший спеціаліст,Кваліфікований робітник,13122,2717
2020-04-01,Молодший спеціаліст,Кваліфікований робітник,11373,2369
2020-07-01,Молодший спеціаліст,Кваліфікований робітник,6998,1407
2020-10-01,Молодший спеціаліст,Кваліфікований робітник,6920,1194
2021-01-01,Молодший спеціаліст,Кваліфікований робітник,6832,1145
2021-04-01,Молодший спеціаліст,Кваліфікований робітник,5518,968
2021-07-01,Молодший спеціаліст,Кваліфікований робітник,1088,368
2021-10-01,Молодший спеціаліст,Кваліфікований робітник,1066,289
2022-01-01,Молодший спеціаліст,Кваліфікований робітник,990,278
2022-04-01,Молодший спеціаліст,Кваліфікований робітник,716,225
2022-07-01,Молодший спеціаліст,Кваліфікований робітник,165,96
2022-10-01,Молодший спеціаліст,Кваліфікований робітник,90,51
2023-01-01,Молодший спеціаліст,Кваліфікований робітник,79,46
2023-04-01,Молодший спеціаліст,Кваліфікований робітник,55,32
2023-07-01,Молодший спеціаліст,Кваліфікований робітник,28,17
2023-10-01,Молодший спеціаліст,Кваліфікований робітник,22,16
2016-01-01,Молодший спеціаліст,Молодший спеціаліст,28,12
2016-04-01,Молодший спеціаліст,Молодший спеціаліст,27,14
2016-07-01,Молодший спеціаліст,Молодший спеціаліст,26,10
2016-10-01,Молодший спеціаліст,Молодший спеціаліст,26,17
2017-01-01,Молодший спеціаліст,Молодший спеціаліст,40,19
2017-04-01,Молодший спеціаліст,Молодший спеціаліст,39,26
2017-07-01,Молодший спеціаліст,Молодший спеціаліст,15,13
2017-10-01,Молодший спеціаліст,Молодший спеціаліст,17,200
2018-01-01,Молодший спеціаліст,Молодший спеціаліст,18,188
2018-04-01,Молодший спеціаліст,Молодший спеціаліст,19,184
2018-07-01,Молодший спеціаліст,Молодший спеціаліст,5,134
2018-10-01,Молодший спеціаліст,Молодший спеціаліст,18,299
2019-01-01,Молодший спеціаліст,Молодший спеціаліст,17,283
2019-04-01,Молодший спеціаліст,Молодший спеціаліст,17,280
2019-07-01,Молодший спеціаліст,Молодший спеціаліст,12,210
2019-10-01,Молодший спеціаліст,Молодший спеціаліст,20,385
2020-01-01,Молодший спеціаліст,Молодший спеціаліст,32,361
2020-04-01,Молодший спеціаліст,Молодший спеціаліст,32,339
2020-07-01,Молодший спеціаліст,Молодший спеціаліст,24,233
2020-10-01,Молодший спеціаліст,Молодший спеціаліст,29,219
2021-01-01,Молодший спеціаліст,Молодший спеціаліст,29,212
2021-04-01,Молодший спеціаліст,Молодший спеціаліст,29,198
2021-07-01,Молодший спеціаліст,Молодший спеціаліст,7,101
2021-10-01,Молодший спеціаліст,Молодший спеціаліст,10,95
2022-01-01,Молодший спеціаліст,Молодший спеціаліст,10,92
2022-04-01,Молодший спеціаліст,Молодший спеціаліст,9,88
2022-07-01,Молодший спеціаліст,Молодший спеціаліст,1,17
2022-10-01,Молодший спеціаліст,Молодший спеціаліст,2,10
2023-01-01,Молодший спеціаліст,Молодший спеціаліст,2,6
2023-04-01,Молодший спеціаліст,Молодший спеціаліст,2,7
2023-07-01,Молодший спеціаліст,Молодший спеціаліст,1,2
2023-10-01,Молодший спеціаліст,Молодший спеціаліст,0,3
2016-01-01,Молодший спеціаліст,Повна загальна середня освіта,39892,30511
2016-04-01,Молодший спеціаліст,Повна загальна середня освіта,37440,28342
2016-07-01,Молодший спеціаліст,Повна загальна середня освіта,24241,17335
2016-10-01,Молодший спеціаліст,Повна загальна середня освіта,36412,23544
2017-01-01,Молодший спеціаліст,Повна загальна середня освіта,36400,23213
2017-04-01,Молодший спеціаліст,Повна загальна середня освіта,33703,21204
2017-07-01,Молодший спеціаліст,Повна загальна середня освіта,21120,12709
2017-10-01,Молодший спеціаліст,Повна загальна середня освіта,29634,19562
2018-01-01,Молодший спеціаліст,Повна загальна середня освіта,29164,19074
2018-04-01,Молодший спеціаліст,Повна загальна середня освіта,26697,17309
2018-07-01,Молодший спеціаліст,Повна загальна середня освіта,16176,10800
2018-10-01,Молодший спеціаліст,Повна загальна середня освіта,23933,16423
2019-01-01,Молодший спеціаліст,Повна загальна середня освіта,23819,16049
2019-04-01,Молодший спеціаліст,Повна загальна середня освіта,22128,14828
2019-07-01,Молодший спеціаліст,Повна загальна середня освіта,14448,9704
2019-10-01,Молодший спеціаліст,Повна загальна середня освіта,21687,14129
2020-01-01,Молодший спеціаліст,Повна загальна середня освіта,21479,13758
2020-04-01,Молодший спеціаліст,Повна загальна середня освіта,20455,12647
2020-07-01,Молодший спеціаліст,Повна загальна середня освіта,13494,8008
2020-10-01,Молодший спеціаліст,Повна загальна середня освіта,13424,7419
2021-01-01,Молодший спеціаліст,Повна загальна середня освіта,13401,7296
2021-04-01,Молодший спеціаліст,Повна загальна середня освіта,12328,6751
2021-07-01,Молодший спеціаліст,Повна загальна середня освіта,5579,2796
2021-10-01,Молодший спеціаліст,Повна загальна середня освіта,5594,2639
2022-01-01,Молодший спеціаліст,Повна загальна середня освіта,5512,2517
2022-04-01,Молодший спеціаліст,Повна загальна середня освіта,4524,2071
2022-07-01,Молодший спеціаліст,Повна загальна середня освіта,1199,865
2022-10-01,Молодший спеціаліст,Повна загальна середня освіта,323,423
2023-01-01,Молодший спеціаліст,Повна загальна середня освіта,303,398
2023-04-01,Молодший спеціаліст,Повна загальна середня освіта,262,333
2023-07-01,Молодший спеціаліст,Повна загальна середня освіта,113,119
2023-10-01,Молодший спеціаліст,Повна загальна середня освіта,99,111
2016-01-01,Спеціаліст,Бакалавр,32784,19844
2016-04-01,Спеціаліст,Бакалавр,28845,18621
2016-07-01,Спеціаліст,Бакалавр,4506,5029
2016-10-01,Спеціаліст,Бакалавр,32257,15473
2017-01-01,Спеціаліст,Бакалавр,31491,14997
2017-04-01,Спеціаліст,Бакалавр,28231,14082
2017-07-01,Спеціаліст,Бакалавр,3917,2501
2017-10-01,Спеціаліст,Бакалавр,3726,1974
2018-01-01,Спеціаліст,Бакалавр,2228,1761
2018-04-01,Спеціаліст,Бакалавр,255,1133
2018-07-01,Спеціаліст,Бакалавр,57,325
2018-10-01,Спеціаліст,Бакалавр,47,268
2019-01-01,Спеціаліст,Бакалавр,39,256
2019-04-01,Спеціаліст,Бакалавр,33,237
2019-07-01,Спеціаліст,Бакалавр,24,194
2019-10-01,Спеціаліст,Бакалавр,22,192
2020-01-01,Спеціаліст,Бакалавр,17,191
2020-04-01,Спеціаліст,Бакалавр,14,191
2020-07-01,Спеціаліст,Бакалавр,12,176
2020-10-01,Спеціаліст,Бакалавр,10,197
2021-01-01,Спеціаліст,Бакалавр,10,195
2021-04-01,Спеціаліст,Бакалавр,8,198
2021-07-01,Спеціаліст,Бакалавр,3,156
2021-10-01,Спеціаліст,Бакалавр,4,137
2022-01-01,Спеціаліст,Бакалавр,3,167
2022-04-01,Спеціаліст,Бакалавр,3,98
2022-07-01,Спеціаліст,Бакалавр,3,77
2022-10-01,Спеціаліст,Бакалавр,2,118
2023-01-01,Спеціаліст,Бакалавр,1,117
2023-04-01,Спеціаліст,Бакалавр,1,115
2023-07-01,Спеціаліст,Бакалавр,3,70
2023-10-01,Спеціаліст,Бакалавр,2,137
2016-01-01,Спеціаліст,Молодший спеціаліст,269,2783
2016-04-01,Спеціаліст,Молодший спеціаліст,271,2751
2016-07-01,Спеціаліст,Молодший спеціаліст,257,2622
2016-10-01,Спеціаліст,Молодший спеціаліст,311,3728
2017-01-01,Спеціаліст,Молодший спеціаліст,314,3682
2017-04-01,Спеціаліст,Молодший спеціаліст,314,3625
2017-07-01,Спеціаліст,Молодший спеціаліст,299,3160
2017-10-01,Спеціаліст,Молодший спеціаліст,264,3083
2018-01-01,Спеціаліст,Молодший спеціаліст,267,3072
2018-04-01,Спеціаліст,Молодший спеціаліст,268,3041
2018-07-01,Спеціаліст,Молодший спеціаліст,249,2322
2018-10-01,Спеціаліст,Молодший спеціаліст,235,2235
2019-01-01,Спеціаліст,Молодший спеціаліст,242,2228
2019-04-01,Спеціаліст,Молодший спеціаліст,240,2259
2019-07-01,Спеціаліст,Молодший спеціаліст,205,1408
2019-10-01,Спеціаліст,Молодший спеціаліст,209,1365
2020-01-01,Спеціаліст,Молодший спеціаліст,210,1363
2020-04-01,Спеціаліст,Молодший спеціаліст,209,1387
2020-07-01,Спеціаліст,Молодший спеціаліст,65,588
2020-10-01,Спеціаліст,Молодший спеціаліст,66,565
2021-01-01,Спеціаліст,Молодший спеціаліст,66,564
2021-04-01,Спеціаліст,Молодший спеціаліст,66,565
2021-07-01,Спеціаліст,Молодший спеціаліст,1,43
2021-10-01,Спеціаліст,Молодший спеціаліст,1,28
2022-01-01,Спеціаліст,Молодший спеціаліст,1,23
2022-04-01,Спеціаліст,Молодший спеціаліст,1,27
2022-07-01,Спеціаліст,Молодший спеціаліст,1,16
2022-10-01,Спеціаліст,Молодший спеціаліст,1,16
2023-01-01,Спеціаліст,Молодший спеціаліст,1,13
2023-04-01,Спеціаліст,Молодший спеціаліст,1,11
2023-07-01,Спеціаліст,Молодший спеціаліст,1,10
2023-10-01,Спеціаліст,Молодший спеціаліст,1,12
2016-01-01,Спеціаліст,Повна загальна середня освіта,25429,51213
2016-04-01,Спеціаліст,Повна загальна середня освіта,25315,51077
2016-07-01,Спеціаліст,Повна загальна середня освіта,21576,43027
2016-10-01,Спеціаліст,Повна загальна середня освіта,21969,44442
2017-01-01,Спеціаліст,Повна загальна середня освіта,21979,45442
2017-04-01,Спеціаліст,Повна загальна середня освіта,21880,45520
2017-07-01,Спеціаліст,Повна загальна середня освіта,17843,36886
2017-10-01,Спеціаліст,Повна загальна середня освіта,17655,36340
2018-01-01,Спеціаліст,Повна загальна середня освіта,17660,36594
2018-04-01,Спеціаліст,Повна загальна середня освіта,17595,36804
2018-07-01,Спеціаліст,Повна загальна середня освіта,13590,26724
2018-10-01,Спеціаліст,Повна загальна середня освіта,13386,25769
2019-01-01,Спеціаліст,Повна загальна середня освіта,13420,25997
2019-04-01,Спеціаліст,Повна загальна середня освіта,13422,26280
2019-07-01,Спеціаліст,Повна загальна середня освіта,9465,15886
2019-10-01,Спеціаліст,Повна загальна середня освіта,9387,14990
2020-01-01,Спеціаліст,Повна загальна середня освіта,9375,15072
2020-04-01,Спеціаліст,Повна загальна середня освіта,9367,15308
2020-07-01,Спеціаліст,Повна загальна середня освіта,4901,7195
2020-10-01,Спеціаліст,Повна загальна середня освіта,4845,6840
2021-01-01,Спеціаліст,Повна загальна середня освіта,4843,6743
2021-04-01,Спеціаліст,Повна загальна середня освіта,4838,6920
2021-07-01,Спеціаліст,Повна загальна середня освіта,315,1684
2021-10-01,Спеціаліст,Повна загальна середня освіта,296,1448
2022-01-01,Спеціаліст,Повна загальна середня освіта,294,1374
2022-04-01,Спеціаліст,Повна загальна середня освіта,290,1455
2022-07-01,Спеціаліст,Повна загальна середня освіта,140,1048
2022-10-01,Спеціаліст,Повна загальна середня освіта,8,461
2023-01-01,Спеціаліст,Повна загальна середня освіта,3,199
2023-04-01,Спеціаліст,Повна загальна середня освіта,5,66
2023-07-01,Спеціаліст,Повна загальна середня освіта,5,54
2023-10-01,Спеціаліст,Повна загальна середня освіта,3,52
2016-01-01,Спеціаліст,Спеціаліст,1,51
2016-04-01,Спеціаліст,Спеціаліст,1,51
2016-07-01,Спеціаліст,Спеціаліст,1,51
2016-10-01,Спеціаліст,Спеціаліст,1,65
2017-01-01,Спеціаліст,Спеціаліст,1,67
2017-04-01,Спеціаліст,Спеціаліст,1,193
2017-07-01,Спеціаліст,Спеціаліст,2,128
2017-10-01,Спеціаліст,Спеціаліст,2,97
2018-01-01,Спеціаліст,Спеціаліст,1,97
2018-04-01,Спеціаліст,Спеціаліст,1,77
2018-07-01,Спеціаліст,Спеціаліст,0,22
2018-10-01,Спеціаліст,Спеціаліст,1,11
2019-01-01,Спеціаліст,Спеціаліст,1,8
2019-04-01,Спеціаліст,Спеціаліст,1,5
2019-07-01,Спеціаліст,Спеціаліст,1,3
2019-10-01,Спеціаліст,Спеціаліст,1,5
2020-01-01,Спеціаліст,Спеціаліст,1,5
2020-04-01,Спеціаліст,Спеціаліст,1,5
2020-07-01,Спеціаліст,Спеціаліст,0,2
2020-10-01,Спеціаліст,Спеціаліст,0,5
2021-01-01,Спеціаліст,Спеціаліст,0,5
2021-04-01,Спеціаліст,Спеціаліст,0,5
2021-07-01,Спеціаліст,Спеціаліст,0,0
2021-10-01,Спеціаліст,Спеціаліст,1,0
2022-01-01,Спеціаліст,Спеціаліст,0,2
2022-04-01,Спеціаліст,Спеціаліст,1,1
2022-07-01,Спеціаліст,Спеціаліст,1,1
2022-10-01,Спеціаліст,Спеціаліст,1,3
2023-01-01,Спеціаліст,Спеціаліст,1,5
2023-04-01,Спеціаліст,Спеціаліст,0,5
2023-10-01,Спеціаліст,Спеціаліст,0,1
2020-04-01,Фаховий молодший бакалавр,Базова середня освіта,0,1
2020-07-01,Фаховий молодший бакалавр,Базова середня освіта,0,1
2020-10-01,Фаховий молодший бакалавр,Базова середня освіта,51074,18467
2021-01-01,Фаховий молодший бакалавр,Базова середня освіта,51034,18174
2021-04-01,Фаховий молодший бакалавр,Базова середня освіта,51144,18133
2021-07-01,Фаховий молодший бакалавр,Базова середня освіта,50767,17881
2021-10-01,Фаховий молодший бакалавр,Базова середня освіта,105011,44619
2022-01-01,Фаховий молодший бакалавр,Базова середня освіта,104015,44023
2022-04-01,Фаховий молодший бакалавр,Базова середня освіта,104070,43646
2022-07-01,Фаховий молодший бакалавр,Базова середня освіта,103675,43312
2022-10-01,Фаховий молодший бакалавр,Базова середня освіта,151366,60569
2023-01-01,Фаховий молодший бакалавр,Базова середня освіта,151634,57886
2023-04-01,Фаховий молодший бакалавр,Базова середня освіта,151579,56585
2023-07-01,Фаховий молодший бакалавр,Базова середня освіта,141968,50594
2023-10-01,Фаховий молодший бакалавр,Базова середня освіта,188920,72110
2020-07-01,Фаховий молодший бакалавр,Бакалавр,0,0
2020-10-01,Фаховий молодший бакалавр,Бакалавр,0,1
2021-01-01,Фаховий молодший бакалавр,Бакалавр,0,1
2021-04-01,Фаховий молодший бакалавр,Бакалавр,0,1
2021-07-01,Фаховий молодший бакалавр,Бакалавр,0,1
2021-10-01,Фаховий молодший бакалавр,Бакалавр,0,0
2022-01-01,Фаховий молодший бакалавр,Бакалавр,0,0
2022-04-01,Фаховий молодший бакалавр,Бакалавр,0,1
2022-07-01,Фаховий молодший бакалавр,Бакалавр,0,2
2022-10-01,Фаховий молодший бакалавр,Бакалавр,0,3
2023-01-01,Фаховий молодший бакалавр,Бакалавр,0,22
2023-04-01,Фаховий молодший бакалавр,Бакалавр,0,37
2023-07-01,Фаховий молодший бакалавр,Бакалавр,0,39
2023-10-01,Фаховий молодший бакалавр,Бакалавр,0,45
2020-04-01,Фаховий молодший бакалавр,Кваліфікований робітник,0,74
2020-07-01,Фаховий молодший бакалавр,Кваліфікований робітник,0,71
2020-10-01,Фаховий молодший бакалавр,Кваліфікований робітник,6740,1546
2021-01-01,Фаховий молодший бакалавр,Кваліфікований робітник,6658,1469
2021-04-01,Фаховий молодший бакалавр,Кваліфікований робітник,6484,1480
2021-07-01,Фаховий молодший бакалавр,Кваліфікований робітник,6188,1221
2021-10-01,Фаховий молодший бакалавр,Кваліфікований робітник,12518,2368
2022-01-01,Фаховий молодший бакалавр,Кваліфікований робітник,12276,2254
2022-04-01,Фаховий молодший бакалавр,Кваліфікований робітник,10781,2005
2022-07-01,Фаховий молодший бакалавр,Кваліфікований робітник,7837,1610
2022-10-01,Фаховий молодший бакалавр,Кваліфікований робітник,12419,3559
2023-01-01,Фаховий молодший бакалавр,Кваліфікований робітник,12142,3418
2023-04-01,Фаховий молодший бакалавр,Кваліфікований робітник,10759,3141
2023-07-01,Фаховий молодший бакалавр,Кваліфікований робітник,6363,2388
2023-10-01,Фаховий молодший бакалавр,Кваліфікований робітник,12097,4686
2020-10-01,Фаховий молодший бакалавр,Магістр,0,1
2021-01-01,Фаховий молодший бакалавр,Магістр,0,1
2021-04-01,Фаховий молодший бакалавр,Магістр,0,1
2021-07-01,Фаховий молодший бакалавр,Магістр,0,1
2021-10-01,Фаховий молодший бакалавр,Магістр,0,1
2022-01-01,Фаховий молодший бакалавр,Магістр,0,1
2022-04-01,Фаховий молодший бакалавр,Магістр,0,1
2022-07-01,Фаховий молодший бакалавр,Магістр,0,1
2022-10-01,Фаховий молодший бакалавр,Магістр,0,1
2023-01-01,Фаховий молодший бакалавр,Магістр,0,19
2023-04-01,Фаховий молодший бакалавр,Магістр,0,20
2023-07-01,Фаховий молодший бакалавр,Магістр,0,17
2023-10-01,Фаховий молодший бакалавр,Магістр,0,18
2023-01-01,Фаховий молодший бакалавр,Молодший бакалавр,0,0
2023-04-01,Фаховий молодший бакалавр,Молодший бакалавр,0,0
2023-07-01,Фаховий молодший бакалавр,Молодший бакалавр,0,1
2023-10-01,Фаховий молодший бакалавр,Молодший бакалавр,0,1
2020-04-01,Фаховий молодший бакалавр,Молодший спеціаліст,0,0
2020-07-01,Фаховий молодший бакалавр,Молодший спеціаліст,0,0
2020-10-01,Фаховий молодший бакалавр,Молодший спеціаліст,13,322
2021-01-01,Фаховий молодший бакалавр,Молодший спеціаліст,16,319
2021-04-01,Фаховий молодший бакалавр,Молодший спеціаліст,16,279
2021-07-01,Фаховий молодший бакалавр,Молодший спеціаліст,15,238
2021-10-01,Фаховий молодший бакалавр,Молодший спеціаліст,25,536
2022-01-01,Фаховий молодший бакалавр,Молодший спеціаліст,26,524
2022-04-01,Фаховий молодший бакалавр,Молодший спеціаліст,27,486
2022-07-01,Фаховий молодший бакалавр,Молодший спеціаліст,22,404
2022-10-01,Фаховий молодший бакалавр,Молодший спеціаліст,39,1396
2023-01-01,Фаховий молодший бакалавр,Молодший спеціаліст,48,1685
2023-04-01,Фаховий молодший бакалавр,Молодший спеціаліст,46,1647
2023-07-01,Фаховий молодший бакалавр,Молодший спеціаліст,24,1318
2023-10-01,Фаховий молодший бакалавр,Молодший спеціаліст,145,2988
2020-07-01,Фаховий молодший бакалавр,Повна загальна середня освіта,0,0
2020-10-01,Фаховий молодший бакалавр,Повна загальна середня освіта,10800,10506
2021-01-01,Фаховий молодший бакалавр,Повна загальна середня освіта,10860,10100
2021-04-01,Фаховий молодший бакалавр,Повна загальна середня освіта,10697,9920
2021-07-01,Фаховий молодший бакалавр,Повна загальна середня освіта,10418,9566
2021-10-01,Фаховий молодший бакалавр,Повна загальна середня освіта,21565,22094
2022-01-01,Фаховий молодший бакалавр,Повна загальна середня освіта,21166,21494
2022-04-01,Фаховий молодший бакалавр,Повна загальна середня освіта,21072,20902
2022-07-01,Фаховий молодший бакалавр,Повна загальна середня освіта,19028,18532
2022-10-01,Фаховий молодший бакалавр,Повна загальна середня освіта,27804,26604
2023-01-01,Фаховий молодший бакалавр,Повна загальна середня освіта,28583,26121
2023-04-01,Фаховий молодший бакалавр,Повна загальна середня освіта,27131,24682
2023-07-01,Фаховий молодший бакалавр,Повна загальна середня освіта,18591,17090
2023-10-01,Фаховий молодший бакалавр,Повна загальна середня освіта,29115,33370
2021-10-01,Фаховий молодший бакалавр,Фаховий молодший бакалавр,0,1
2022-01-01,Фаховий молодший бакалавр,Фаховий молодший бакалавр,0,1
2022-04-01,Фаховий молодший бакалавр,Фаховий молодший бакалавр,0,1
2022-07-01,Фаховий молодший бакалавр,Фаховий молодший бакалавр,0,1
2022-10-01,Фаховий молодший бакалавр,Фаховий молодший бакалавр,0,22
2023-01-01,Фаховий молодший бакалавр,Фаховий молодший бакалавр,0,43
2023-04-01,Фаховий молодший бакалавр,Фаховий молодший бакалавр,0,44
2023-07-01,Фаховий молодший бакалавр,Фаховий молодший бакалавр,0,32
2023-10-01,Фаховий молодший бакалавр,Фаховий молодший бакалавр,16,206